,,0_1_S1_R1_001
TT,,0_2_S2_R1_001
CCCC,,0_3_S3_R1_001
GACGAC,,0_4_S4_R1_001
AGATAGAT,,0_5_S5_R1_001
GTGAAGTGAA,TGCATGTGCA,0_6_S6_R1_001
,TT,0_7-REDO_S7_R1_001
TT,TT,0_8-1_S8_R1_001
CCCC,TT,0_8-2_S9_R1_001
GACGAC,TGCATGTGCA,0_9_S10_R1_001
AGATAGAT,TGCATGTGCA,0_10_S11_R1_001
GTGAAGTGAA,TT,0_11_S12_R1_001
,ATAT,0_12_S13_R1_001
TT,ATAT,1_1_S14_R1_001
CCCC,CGGCGG,1_2_S15_R1_001
GACGAC,ATAT,1_3_S16_R1_001
AGATAGAT,ATAT,1_4_S17_R1_001
GTGAAGTGAA,ATAT,1_5_S18_R1_001
,CGGCGG,1_6_S19_R1_001
TT,CGGCGG,1_7_S20_R1_001
CCCC,ATAT,1_8-1_S21_R1_001
GACGAC,TATAGCGC,1_8-2_S22_R1_001
GACGAC,CGGCGG,1_9_S23_R1_001
AGATAGAT,CGGCGG,1_10_S24_R1_001
GTGAAGTGAA,CGGCGG,1_11_S25_R1_001
,TATAGCGC,1_12_S26_R1_001
TT,TATAGCGC,1_X_S27_R1_001
AGATAGAT,TATAGCGC,0_R_S28_R1_001
GTGAAGTGAA,TATAGCGC,1_R_S29_R1_001
X,X,Undetermined_S0_R1_001
